fecha,tasa_referencia,tasa_interbancaria,tamn,tipmn,spread_activo,spread_pasivo
2003-09,2.75,2.77,21.9902186667481,2.89976033234867,19.24,0.15
2003-10,2.75,2.71,21.9101541648958,2.83119777956817,19.16,0.08
2003-11,2.5,2.6,22.2842521455174,2.70574495873859,19.78,0.21
2003-12,2.5,2.51,22.2760937300444,2.54113054441212,19.78,0.04
2004-01,2.5,2.41,23.6764944144547,2.46546691386438,21.18,-0.03
2004-02,2.5,2.52,24.1130381784337,2.43653731134061,21.61,-0.06
2004-03,2.5,2.48,24.52871,2.36806,22.03,-0.13
2004-04,2.5,2.49,24.2267514394757,2.33400023813874,21.73,-0.17
2004-05,2.5,2.48,24.38548,2.35806,21.89,-0.14
2004-06,2.5,2.46,25.056,2.38033333,22.56,-0.12
2004-07,2.5,2.44,25.0171427735071,2.34820966267379,22.52,-0.15
2004-08,2.75,2.67,25.1177419,2.4216129,22.37,-0.33
2004-09,2.75,2.73,25.0843,2.44167,22.33,-0.31
2004-10,3.0,2.93,24.9516,2.466452,21.95,-0.53
2004-11,3.0,3.02,24.581,2.505,21.58,-0.5
2004-12,3.0,3.0,25.35651,2.4864516,22.36,-0.51
2005-01,3.0,2.98,26.2773405462592,2.50828053004648,23.28,-0.49
2005-02,3.0,2.9,26.21,2.53,23.21,-0.47
2005-03,3.0,2.93,26.2442891488184,2.5229533172354,23.24,-0.48
2005-04,3.0,3.03,25.9467750925842,2.56262822926785,22.95,-0.44
2005-05,3.0,3.01,25.7359313355475,2.65247895003757,22.74,-0.35
2005-06,3.0,2.99,25.9918668608436,2.67742542150493,22.99,-0.32
2005-07,3.0,3.01,25.9798262755594,2.64,22.98,-0.36
2005-08,3.0,2.96,25.7,2.6,22.7,-0.4
2005-09,3.0,2.99,25.59,2.6,22.59,-0.4
2005-10,3.0,3.04,24.61,2.6,21.61,-0.4
2005-11,3.0,3.02,24.49,2.59,21.49,-0.41
2005-12,3.25,3.34,23.63,2.59,20.38,-0.66
2006-01,3.5,3.58,24.14,2.75,20.64,-0.75
2006-02,3.75,3.82,24.08,2.93,20.33,-0.82
2006-03,4.0,4.12,24.28,2.96,20.28,-1.04
2006-04,4.25,4.42,24.26,3.25,20.01,-1.0
2006-05,4.5,4.48,24.38,3.41,19.88,-1.09
2006-06,4.5,4.53,24.34467,3.38567,19.84,-1.11
2006-07,4.5,4.5,24.14,3.289,19.64,-1.21
2006-08,4.5,4.44,24.05,3.31,19.55,-1.19
2006-09,4.5,4.51,23.89,3.34,19.39,-1.16
2006-10,4.5,4.5,23.42,3.31,18.92,-1.19
2006-11,4.5,4.48,23.14,3.34,18.64,-1.16
2006-12,4.5,4.51,23.08,3.19,18.58,-1.31
2007-01,4.5,4.47,23.75,3.17,19.25,-1.33
2007-02,4.5,4.48,23.57,3.24,19.07,-1.26
2007-03,4.5,4.51,23.4,3.22,18.9,-1.28
2007-04,4.5,4.51,22.7813333333333,3.1,18.28,-1.4
2007-05,4.5,4.49,22.13,3.12,17.63,-1.38
2007-06,4.5,4.52,22.41,3.13,17.91,-1.37
2007-07,4.75,4.69,23.2684,3.1697,18.52,-1.58
2007-08,4.75,4.77,22.86484,3.18484,18.11,-1.57
2007-09,5.0,4.97,22.5383333333333,3.305,17.54,-1.69
2007-10,5.0,4.98,22.75742,3.35258,17.76,-1.65
2007-11,5.0,4.99,22.543,3.41769,17.54,-1.58
2007-12,5.0,4.99,22.28445,3.34774,17.28,-1.65
2008-01,5.25,4.44,23.25774,3.24677,18.01,-2.0
2008-02,5.25,5.02,23.3324137931035,3.23827586206897,18.08,-2.01
2008-03,5.25,5.21,23.8580645,3.259032258,18.61,-1.99
2008-04,5.5,5.37,23.8103333333333,3.24233333333333,18.31,-2.26
2008-05,5.5,5.52876,23.5655,3.3832,18.07,-2.12
2008-06,5.75,5.6801,23.7253,3.517666667,17.98,-2.23
2008-07,6.0,5.91071,23.69548387,3.49870968,17.7,-2.5
2008-08,6.25,6.208432,23.87355,3.59161,17.62,-2.66
2008-09,6.5,6.43,24.3333333333333,3.65566666666667,17.83,-2.84
2008-10,6.5,6.6015,24.07032,3.71613,17.57,-2.78
2008-11,6.5,6.5451,23.53833,3.89233,17.04,-2.61
2008-12,6.5,6.5354,23.02097,3.83548,16.52,-2.66
2009-01,6.5,6.57342856,22.92548,3.87194,16.43,-2.63
2009-02,6.25,6.43575271,22.88786,4.07929,16.64,-2.17
2009-03,6.0,6.07282322,22.64355,3.96774,16.64,-2.03
2009-04,5.0,5.3285,21.95667,3.704,16.96,-1.3
2009-05,4.0,4.26514,20.71935,3.3429,16.72,-0.66
2009-06,3.0,3.1308,20.69067,3.00767,17.69,0.01
2009-07,2.0,2.24,20.57903,2.61032,18.58,0.61
2009-08,1.25,1.33,20.22484,2.27548,18.97,1.03
2009-09,1.25,1.2031,20.18367,2.078,18.93,0.83
2009-10,1.25,1.15272,19.9171,1.79032,18.67,0.54
2009-11,1.25,1.2190023518,19.83067,1.656,18.58,0.41
2009-12,1.25,1.24234,19.94419,1.55581,18.69,0.31
2010-01,1.25,1.0,19.97548,1.444581,18.73,0.19
2010-02,1.25,1.21524,19.76036,1.39174,18.51,0.14
2010-03,1.25,1.23264,19.48806,1.35968,18.24,0.11
2010-04,1.25,1.2197,19.39367,1.29767,18.14,0.05
2010-05,1.5,1.4461,19.17935,1.33258,17.68,-0.17
2010-06,1.75,1.62,19.124,1.38977,17.37,-0.36
2010-07,2.0,1.9,18.205,1.4506,16.2,-0.55
2010-08,2.5,2.377,18.0813,1.6216,15.58,-0.88
2010-09,3.0,2.741,18.3447,1.748,15.34,-1.25
2010-10,3.0,2.945,18.7145,1.839,15.71,-1.16
2010-11,3.0,2.974,18.718,1.842,15.72,-1.16
2010-12,3.0,2.9789,18.733,1.802,15.73,-1.2
2011-01,3.25,3.2107,18.679,1.865,15.43,-1.38
2011-02,3.5,3.3868,18.58,1.989,15.08,-1.51
2011-03,3.75,3.6787,18.6542,2.0394,14.9,-1.71
2011-04,4.0,3.9686,18.512,2.0897,14.51,-1.91
2011-05,4.25,4.2338,18.4926,2.3042,14.24,-1.95
2011-06,4.25,4.277,18.581,2.477,14.33,-1.77
2011-07,4.25,4.2598,18.54,2.4761,14.29,-1.77
2011-08,4.25,4.2298,18.659,2.5197,14.41,-1.73
2011-09,4.25,4.272,18.717,2.5533,14.47,-1.7
2011-10,4.25,4.2683,19.0103,2.5842,14.76,-1.67
2011-11,4.25,4.2555,18.849,2.5703,14.6,-1.68
2011-12,4.25,4.2422,18.861,2.4681,14.61,-1.78
2012-01,4.25,4.2288,19.0294,2.4645,14.78,-1.79
2012-02,4.25,4.2284,18.7579,2.5004,14.51,-1.75
2012-03,4.25,4.25,19.0135,2.5203,14.76,-1.73
2012-04,4.25,4.241,19.2147,2.4393,14.96,-1.81
2012-05,4.25,4.2429,19.341,2.4561,15.09,-1.79
2012-06,4.25,4.231,19.6167,2.4757,15.37,-1.77
2012-07,4.25,4.2458,19.469,2.4835,15.22,-1.77
2012-08,4.25,4.2191,19.4068,2.4274,15.16,-1.82
2012-09,4.25,4.234,19.3003,2.4527,15.05,-1.8
2012-10,4.25,4.2392,19.3323,2.4474,15.08,-1.8
2012-11,4.25,4.2479,19.2763,2.4423,15.03,-1.81
2012-12,4.25,4.2439,19.085,2.37,14.84,-1.88
2013-01,4.25,4.1518,19.4116,2.3774,15.16,-1.87
2013-02,4.25,4.2008,19.27,2.3671,15.02,-1.88
2013-03,4.25,4.2404,19.0781,2.2871,14.83,-1.96
2013-04,4.25,4.2005,19.0897,2.309,14.84,-1.94
2013-05,4.25,4.2542,18.9452,2.3039,14.7,-1.95
2013-06,4.25,4.2605,18.8077,2.3187,14.56,-1.93
2013-07,4.25,4.3269,18.4748,2.3271,14.22,-1.92
2013-08,4.25,4.5161,18.1187,2.3158,13.87,-1.93
2013-09,4.25,4.2737,17.5843,2.3467,13.33,-1.9
2013-10,4.25,4.2484,16.6471,2.3432,12.4,-1.91
2013-11,4.0,4.183,16.3673,2.3327,12.37,-1.67
2013-12,4.0,4.0884,15.8765,2.2697,11.88,-1.73
2014-01,4.0,4.121,15.9881,2.2552,11.99,-1.74
2014-02,4.0,4.1738,15.8071,2.2636,11.81,-1.74
2014-03,4.0,4.0133,15.6132,2.2732,11.61,-1.73
2014-04,4.0,4.0539,15.5293,2.2957,11.53,-1.7
2014-05,4.0,3.954,15.6132,2.3419,11.61,-1.66
2014-06,4.0,3.9999,16.0437,2.403,12.04,-1.6
2014-07,3.75,3.8491,15.9294,2.3829,12.18,-1.37
2014-08,3.75,3.7588,15.8752,2.3319,12.13,-1.42
2014-09,3.5,3.6975,15.689,2.324,12.19,-1.18
2014-10,3.5,3.5292,15.5535,2.3087,12.05,-1.19
2014-11,3.5,3.6415,15.6087,2.2923,12.11,-1.21
2014-12,3.5,3.7956,15.6694,2.2739,12.17,-1.23
2015-01,3.25,3.3439,16.1668,2.2448,12.92,-1.01
2015-02,3.25,3.4305,15.9979,2.22,12.75,-1.03
2015-03,3.25,3.3527,16.0777,2.2281,12.83,-1.02
2015-04,3.25,3.5151,15.9223333333333,2.21466666666667,12.67,-1.04
2015-05,3.25,3.4798,16.0042,2.2732,12.75,-0.98
2015-06,3.25,3.4243,16.1823,2.2477,12.93,-1.0
2015-07,3.25,3.4638,16.1542,2.2132,12.9,-1.04
2015-08,3.25,3.6141,16.2516,2.2558,13.0,-0.99
2015-09,3.5,3.6609,16.0927,2.365,12.59,-1.13
2015-10,3.5,3.521,16.2439,2.37870967741936,12.74,-1.12
2015-11,3.5,3.5,16.083,2.424,12.58,-1.08
2015-12,3.75,3.765,16.0933,2.4073,12.34,-1.34
2016-01,4.0,3.973,16.2358,2.4981,12.24,-1.5
2016-02,4.25,4.5857,16.1293,2.57,11.88,-1.68
2016-03,4.25,4.8352,16.0516,2.6139,11.8,-1.64
2016-04,4.25,4.4641,15.9873,2.6137,11.74,-1.64
2016-05,4.25,4.4392,16.0206,2.7061,11.77,-1.54
2016-06,4.25,4.3666,16.2,2.6457,11.95,-1.6
2016-07,4.25,4.2855,16.3787,2.7039,12.13,-1.55
2016-08,4.25,4.1886,16.4984,2.7113,12.25,-1.54
2016-09,4.25,4.2501,16.8447,2.705,12.59,-1.54
2016-10,4.25,4.2555,17.0642,2.7081,12.81,-1.54
2016-11,4.25,4.2852,17.0273,2.6703,12.78,-1.58
2016-12,4.25,4.374,17.1565,2.6303,12.91,-1.62
2017-01,4.25,4.2517,17.7387,2.7,13.49,-1.55
2017-02,4.25,4.249,17.0679,2.7339,12.82,-1.52
2017-03,4.25,4.2453,16.9577,2.7077,12.71,-1.54
2017-04,4.25,4.2922,16.844,2.7083,12.59,-1.54
2017-05,4.0,4.0746,16.7794,2.7294,12.78,-1.27
2017-06,4.0,4.002,17.084,2.7223,13.08,-1.28
2017-07,3.75,3.8392,17.0961,2.6939,13.35,-1.06
2017-08,3.75,3.7296,16.9332,2.6571,13.18,-1.09
2017-09,3.5,3.612,16.6457,2.596,13.15,-0.9
2017-10,3.5,3.5012,16.4035,2.5858,12.9,-0.91
2017-11,3.25,3.3541,16.1023,2.5397,12.85,-0.71
2017-12,3.25,3.2568,15.7974,2.461,12.55,-0.79
2018-01,3.0,3.0962,15.8884,2.4206,12.89,-0.58
2018-02,3.0,3.0108,15.6932,2.3446,12.69,-0.66
2018-03,2.75,2.8079,15.1135,2.2861,12.36,-0.46
2018-04,2.75,2.7517,14.347,2.2337,11.6,-0.52
2018-05,2.75,2.7579,14.0677,2.1994,11.32,-0.55
2018-06,2.75,2.7849,14.0947,2.26,11.34,-0.49
2018-07,2.75,2.7428,14.0626,2.2606,11.31,-0.49
2018-08,2.75,2.7502,14.2242,2.2616,11.47,-0.49
2018-09,2.75,2.7462,14.302,2.2863,11.55,-0.46
2018-10,2.75,2.7694,14.1619,2.3381,11.41,-0.41
2018-11,2.75,2.7525,14.2185,2.353,11.47,-0.4
2018-12,2.75,2.7544,14.2958,2.3594,11.55,-0.39
2019-01,2.75,2.752,14.321,2.4245,11.57,-0.33
2019-02,2.75,2.7514,14.3586,2.4704,11.61,-0.28
2019-03,2.75,2.7542,14.4926,2.4184,11.74,-0.33
2019-04,2.75,2.7524,14.509,2.4783,11.76,-0.27
2019-05,2.75,2.7504,14.4781,2.4839,11.73,-0.27
2019-06,2.75,2.7923,14.589,2.4923,11.84,-0.26
2019-07,2.75,2.7527,14.501,2.4655,11.75,-0.28
2019-08,2.5,2.5642,14.4355,2.4068,11.94,-0.09
2019-09,2.5,2.5038,14.4193,2.3203,11.92,-0.18
2019-10,2.5,2.5045,14.2445,2.2823,11.74,-0.22
2019-11,2.25,2.2984,14.192,2.266,11.94,0.02
2019-12,2.25,2.2501,14.0848,2.1952,11.83,-0.05
2020-01,2.25,2.249,14.351,2.1571,12.1,-0.09
2020-02,2.25,2.2433,14.2166,2.1403,11.97,-0.11
2020-03,1.25,1.8384,14.0555,2.0994,12.81,0.85
2020-04,0.25,0.6135,13.3643,1.9517,13.11,1.7
2020-05,0.25,0.2414,12.7823,1.7423,12.53,1.49
2020-06,0.25,0.169,12.4427,1.4927,12.19,1.24
2020-07,0.25,0.1752,12.2887,1.3048,12.04,1.05
2020-08,0.25,0.1674,12.3435,1.1994,12.09,0.95
2020-09,0.25,0.1106,12.4423,1.1513,12.19,0.9
2020-10,0.25,0.2489,12.4984,1.1065,12.25,0.86
2020-11,0.25,0.1883,12.3737,1.0603,12.12,0.81
2020-12,0.25,0.2276,12.101,1.01,11.85,0.76
2021-01,0.25,0.2207,12.0323,0.9526,11.78,0.7
2021-02,0.25,0.1737,11.8846,0.9139,11.63,0.66
2021-03,0.25,0.25,11.1365,0.8919,10.89,0.64
2021-04,0.25,0.249,11.0793,0.8914,10.83,0.64
2021-05,0.25,0.25,10.8042,0.8623,10.55,0.61
2021-06,0.25,0.25,10.683,0.819,10.43,0.57
2021-07,0.25,0.25,10.6816,0.7865,10.43,0.54
2021-08,0.5,0.4879,10.6861,0.7632,10.19,0.26
2021-09,1.0,0.7745,10.4913,0.7803,9.49,-0.22
2021-10,1.5,1.2916,10.5577,0.8197,9.06,-0.68
2021-11,2.0,1.7181,10.7307,0.9177,8.73,-1.08
2021-12,2.5,2.2519,10.9868,1.0332,8.49,-1.47
2022-01,3.0,2.9861,11.1277,1.1216,8.13,-1.88
2022-02,3.5,3.3511,11.2939,1.3082,7.79,-2.19
2022-03,4.0,3.8782,11.5168,1.4668,7.52,-2.53
2022-04,4.5,4.4543,11.8497,1.5737,7.35,-2.93
2022-05,5.0,4.8926,12.1248,1.8519,7.12,-3.15
2022-06,5.5,5.2778,12.4933,2.0823,6.99,-3.42
2022-07,6.0,5.8918,12.6616,2.2897,6.66,-3.71
2022-08,6.5,6.2823,12.9406,2.4726,6.44,-4.03
2022-09,6.75,6.6726,13.3757,2.6123,6.63,-4.14
2022-10,7.0,6.9748,13.5935,2.7542,6.59,-4.25
2022-11,7.25,7.1999,13.926,2.9257,6.68,-4.32
2022-12,7.5,7.4533,14.2635,2.9706,6.76,-4.53
2023-01,7.75,7.6413,14.4623,3.1671,6.71,-4.58
2023-02,7.75,7.7612,14.7364,3.3196,6.99,-4.43
2023-03,7.75,7.7382,14.8803,3.4381,7.13,-4.31
2023-04,7.75,7.7459,15.1693,3.5837,7.42,-4.17
2023-05,7.75,7.746,15.2971,3.7155,7.55,-4.03
2023-06,7.75,7.7164,15.539,3.7597,7.79,-3.99
2023-07,7.75,7.7481,15.6423,3.8658,7.89,-3.88
2023-08,7.75,7.7452,15.7516,3.9045,8.0,-3.85
2023-09,7.5,7.6024,15.9513,3.963,8.45,-3.54
2023-10,7.25,7.2814,15.9116,3.9019,8.66,-3.35
2023-11,7.0,7.0889,15.876,3.7447,8.88,-3.26
2023-12,6.75,6.858,15.8642,3.5484,9.11,-3.2
2024-01,6.5,6.601,15.8087,3.4516,9.31,-3.05
2024-02,6.25,6.3599,15.7303,3.3383,9.48,-2.91
2024-03,6.25,6.2368,15.76,3.2448,9.51,-3.01
2024-04,6.0,6.0761,15.734,3.1577,9.73,-2.84
2024-05,5.75,5.8595,15.7542,3.0468,10.0,-2.7
2024-06,5.75,5.7409,15.6527,2.9473,9.9,-2.8
2024-07,5.75,5.7126,15.081,2.7852,9.33,-2.96
2024-08,5.5,5.5272,14.9261,2.6448,9.43,-2.86
2024-09,5.25,5.3487,14.7177,2.6053,9.47,-2.64
2024-10,5.25,5.2319,14.7445,2.561,9.49,-2.69
2024-11,5.0,5.0847,14.781,2.5237,9.78,-2.48
2024-12,5.0,4.946,14.8781,2.42,9.88,-2.58
2025-01,4.75,4.7349,14.9906,2.3587,10.24,-2.39
2025-02,4.75,4.7755,14.9064,2.3507,10.16,-2.4
2025-03,4.75,4.7203,14.7668,2.3426,10.02,-2.41
2025-04,4.75,4.7565,14.9607,2.2863,10.21,-2.46
2025-05,4.5,4.484,14.9519,2.2671,10.45,-2.23
2025-06,4.5,4.49889399603857,14.9807,2.2737,10.48,-2.23
2025-07,4.5,4.5,15.0445,2.1616,10.54,-2.34
2025-08,4.5,4.5079,15.149,2.1348,10.65,-2.37
2025-09,4.25,4.3685,15.3507,2.1383,11.1,-2.11
2025-10,4.25,4.25,15.5555,2.12,11.31,-2.13
2025-11,4.25,4.2478,15.7477,2.0993,11.5,-2.15
2025-12,4.25,4.2411,15.8871,1.9771,11.64,-2.27
